{
  "assetsByChunkName": {
    "vendors~app-account~app-checkout~app-confirmation~app-order": "chunk.c583f8cb007fa3a3c434.js",
    "vendors~app-account~app-confirmation~app-order": "chunk.d16887a720785e29a594.js",
    "vendors~app-account~app-checkout": "chunk.04eb37d6f9fcd8b0fb8f.js",
    "vendors~app-cart~app-checkout": "chunk.bc55b11d2bb296379e5d.js",
    "admin": [
      "admin.d6a98b24d3db0a1f1d05.js",
      "admin.d6a98b24d3db0a1f1d05.js.map"
    ],
    "app-account": "chunk.b53e4f17c271718ed749.js",
    "app-cart": "chunk.2835d9397326e6f915e1.js",
    "app-checkout": "chunk.f552b254c6fd84192044.js",
    "app-confirmation": "chunk.d53dda578bf387b18a50.js",
    "app-order": "chunk.53865cd0bfb5eddf2c53.js",
    "checkout": [
      "checkout.c6d6f21c952c83337e90.js",
      "checkout.c6d6f21c952c83337e90.js.map"
    ],
    "storefront": [
      "storefront.1478b5c2a49fa0892332.css",
      "storefront.e60c1f1e4f5d7884785b.js",
      "storefront.1478b5c2a49fa0892332.css.map",
      "storefront.e60c1f1e4f5d7884785b.js.map"
    ],
    "vendors~app-cart": "chunk.1a228e602c321767e222.js"
  }
}