{
  "title": "Cozinha e Mesa",
  "category_id": "665890aef4e6d85ab299b160",
  "sections": [
    {
      "type": "apx_banners-grid",
      "visibility": "d-none d-md-block",
      "grid": "3",
      "banners": [
        {
          "desktop": {
            "description_color": "#ffffff",
            "img": "/img/uploads/mesaposta.png",
            "content_order": "inside_image",
            "content_position": "bottom_left",
            "btn_text": "VER PRODUTOS",
            "btn_text_color": "#ffffff",
            "mask_opacity": 0,
            "title": "Mesa Posta",
            "title_color": "#ffffff",
            "description": "Lorem ipsum dolor sit amet, consectetuer adipiscing elit. Donec odio. Quisque volutpat mattis eros. Nullam malesuada erat ut turpis. Suspendisse urna nibh viverra non semper suscipit posuere a pede."
          },
          "mobile": {
            "mask_opacity": 0
          }
        },
        {
          "desktop": {
            "description_color": "#ffffff",
            "animate": "fadeInUp",
            "img": "/img/uploads/cantinhodocafe.png",
            "content_order": "inside_image",
            "btn_url": "/",
            "content_position": "bottom_left",
            "mask_color": "#000000",
            "btn_text": "VER PRODUTOS",
            "btn_text_color": "#ffffff",
            "mask_opacity": 2,
            "title": "Cantinho do Café",
            "link": "/cafeteiras",
            "title_color": "#ffffff",
            "description": "Lorem ipsum dolor sit amet, consectetuer adipiscing elit. Donec odio. Quisque volutpat mattis eros. Nullam malesuada erat ut turpis. Suspendisse urna nibh viverra non semper suscipit posuere a pede."
          },
          "mobile": {
            "mask_opacity": 0
          }
        }
      ],
      "breakline": "false",
      "spacing": {
        "desktop": {
          "margin_bottom": "4",
          "padding_bottom": "2"
        }
      }
    }
  ]
}