{
  "categories_list": {
    "featured": [
      "/lancamentos?Lançamentos"
    ],
    "random": 5,
    "full_width": true
  },
  "menu_all_departments": false,
  "centralized_logo": false,
  "marketing_stripe": {
    "text": "Aproveite nossos descontos de até 50%!",
    "link": "/promotion"
  },
  "alphabetical_order_submenu": false,
  "name_all_departments": "",
  "search_input": true,
  "desktop_megamenu": true,
  "full_width_submenu": false,
  "contacts_stripe": {
    "pages": [
      {}
    ],
    "phone_wpp": true,
    "socials": true
  }
}