{
  "meta_title": "",
  "meta_description": "",
  "sections": [
    {
      "type": "apx_banner-slider",
      "visibility": "d-block d-md-block",
      "autoplay": 4000,
      "slides": [
        {
          "desktop": {
            "description_color": "#ffffff",
            "animate": "fadeInUp",
            "img": "/img/uploads/rectangle-5.png",
            "content_order": "inside_image",
            "btn_url": "/exclusivos",
            "content_position": "center_left",
            "mask_color": "#000000",
            "btn_text": "Ver Produtos",
            "btn_text_color": "#ffffff",
            "mask_opacity": 5,
            "title": "Sala de Estar",
            "link": "/decoracao",
            "title_color": "#ffffff",
            "description": "Lorem ipsum dolor sit amet, consectetuer adipiscing elit. Donec odio. Quisque volutpat mattis eros. Nullam malesuada erat ut turpis. Suspendisse urna nibh viverra non semper suscipit posuere a pede."
          },
          "mobile": {
            "mask_opacity": 0,
            "img": "/img/uploads/rectangle-5-3-.png"
          },
          "start": "2024-05-31T14:03:35.669Z",
          "end": "2024-11-30T14:03:35.683Z"
        },
        {
          "desktop": {
            "description_color": "#ffffff",
            "animate": "fadeInUp",
            "img": "/img/uploads/rectangle-5.png",
            "content_order": "inside_image",
            "btn_url": "/exclusivos",
            "content_position": "center_left",
            "mask_color": "#000000",
            "btn_text": "Ver Produtos",
            "btn_text_color": "#ffffff",
            "mask_opacity": 5,
            "title": "Sala de Estar 2",
            "link": "/decoracao",
            "title_color": "#ffffff",
            "description": "Lorem ipsum dolor sit amet, consectetuer adipiscing elit. Donec odio. Quisque volutpat mattis eros. Nullam malesuada erat ut turpis. Suspendisse urna nibh viverra non semper suscipit posuere a pede."
          },
          "mobile": {
            "mask_opacity": 0,
            "img": "/img/uploads/rectangle-5-3-.png"
          },
          "start": "2024-05-31T14:03:35.669Z",
          "end": "2024-11-30T14:03:35.683Z"
        }
      ],
      "spacing": {
        "container": "container-fluid",
        "desktop": {
          "margin_bottom": "5"
        },
        "mobile": {
          "margin_bottom": "4"
        }
      }
    },
    {
      "type": "apx_banners-stripe",
      "animation": true,
      "title_color": "#493c35",
      "description_color": "#4f4f4f",
      "list": [
        {
          "img": "/img/uploads/sale-01.svg",
          "title": "Ganhe 5% OFF",
          "description": "paga pagamentos via pix"
        },
        {
          "img": "/img/uploads/marker-pin-04.svg",
          "title": "Envio Nacional",
          "description": "para todo o Brasil"
        },
        {
          "img": "/img/uploads/credit-card-02-19-.svg",
          "title": "Pague Parcelado",
          "description": "Qualquer compra acima de R$ 120"
        },
        {
          "img": "/img/uploads/truck-01-19-.svg",
          "title": "Frete Grátis",
          "description": "para pedidos acima de R$ 399"
        }
      ]
    },
    {
      "type": "apx_list-images",
      "visibility": "d-block d-md-block",
      "title": "Decore por <b>Ambiente</b>",
      "description": "Lorem ipsum dolor sit amet, consectetuer adipiscing elit. Donec odio. Quisque volutpat mattis eros. Nullam malesuada erat ut turpis. Suspendisse urna nibh viverra non semper suscipit posuere a pede.",
      "banners": [
        {
          "img": "/img/uploads/decoracao.png",
          "link": "/colecao-decoracao",
          "title": "Decoração"
        },
        {
          "img": "/img/uploads/mesa-posta.png",
          "link": "/colecao-mesa-posta",
          "title": "Mesa Posta"
        },
        {
          "img": "/img/uploads/banheiro.png",
          "link": "/colecao-banheiro",
          "title": "Banheiro"
        },
        {
          "img": "/img/uploads/cantinho-do-cafe.png",
          "link": "/colecao-cantinho-do-cafe",
          "title": "Cantinho do Café"
        }
      ],
      "spacing": {
        "mobile": {
          "margin_bottom": "5"
        }
      }
    },
    {
      "page": 1,
      "title": "Destaques",
      "shuffle": true,
      "headless": false,
      "type": "collection-shelf",
      "link": "/lancamentos",
      "limit": 12,
      "collection_id": null,
      "sort": "offers"
    },
    {
      "page": 1,
      "title": "Mais Vendidos",
      "shuffle": true,
      "headless": false,
      "type": "collection-shelf",
      "link": "/lancamentos",
      "limit": 12,
      "collection_id": null,
      "sort": "offers"
    },
    {
      "type": "apx_banner-line",
      "visibility": "d-block d-md-block",
      "banners": [
        {
          "desktop": {
            "mask_opacity": 0,
            "img": "/img/uploads/rectangle-8-1-.png",
            "title": "Gift Card",
            "description": "O item ideal para quem quer presentear e está na dúvida",
            "btn_text": "Comprar",
            "btn_url": "/gift-card"
          },
          "mobile": {
            "mask_opacity": 0
          }
        },
        {
          "desktop": {
            "mask_opacity": 0,
            "img": "/img/uploads/rectangle-8-1-.png",
            "title": "Gift Card",
            "description": "O item ideal para quem quer presentear e está na dúvida",
            "btn_text": "Comprar",
            "btn_url": "/gift-card"
          },
          "mobile": {
            "mask_opacity": 0
          }
        },
        {
          "desktop": {
            "mask_opacity": 0,
            "img": "/img/uploads/rectangle-8-1-.png",
            "title": "Gift Card",
            "description": "O item ideal para quem quer presentear e está na dúvida",
            "btn_text": "Comprar",
            "btn_url": "/gift-card"
          },
          "mobile": {
            "mask_opacity": 0
          }
        }
      ]
    },
    {
      "type": "collection-shelf",
      "shuffle": false,
      "limit": 12,
      "page": 1,
      "sort": "lowest_price",
      "title": "Recomendamos para você",
      "link": "/lancamentos"
    },
    {
      "type": "apx_banners-grid",
      "visibility": "d-block d-md-block",
      "grid": "3",
      "banners": [
        {
          "desktop": {
            "description_color": "#ffffff",
            "img": "/img/uploads/mesaposta.png",
            "content_order": "inside_image",
            "content_position": "bottom_left",
            "btn_text": "VER PRODUTOS",
            "btn_text_color": "#ffffff",
            "mask_opacity": 0,
            "title": "Mesa Posta",
            "title_color": "#ffffff",
            "description": "Lorem ipsum dolor sit amet, consectetuer adipiscing elit. Donec odio. Quisque volutpat mattis eros. Nullam malesuada erat ut turpis. Suspendisse urna nibh viverra non semper suscipit posuere a pede."
          },
          "mobile": {
            "mask_opacity": 0,
            "title_color": "#493C35",
            "description_color": "#493C35",
            "btn_text_color": "#493C35",
            "img": "/img/uploads/rectangle-8-2-.png"
          }
        },
        {
          "desktop": {
            "description_color": "#ffffff",
            "animate": "fadeInUp",
            "img": "/img/uploads/cantinhodocafe.png",
            "content_order": "inside_image",
            "btn_url": "/",
            "content_position": "bottom_left",
            "mask_color": "#000000",
            "btn_text": "VER PRODUTOS",
            "btn_text_color": "#ffffff",
            "mask_opacity": 2,
            "title": "Cantinho do Café",
            "link": "/cafeteiras",
            "title_color": "#ffffff",
            "description": "Lorem ipsum dolor sit amet, consectetuer adipiscing elit. Donec odio. Quisque volutpat mattis eros. Nullam malesuada erat ut turpis. Suspendisse urna nibh viverra non semper suscipit posuere a pede."
          },
          "mobile": {
            "mask_opacity": 0,
            "title_color": "#493C35",
            "description_color": "#493C35",
            "btn_text_color": "#493C35",
            "img": "/img/uploads/rectangle-8-3-.png"
          }
        }
      ],
      "breakline": "false",
      "spacing": {
        "desktop": {
          "margin_bottom": "4",
          "padding_bottom": "2"
        }
      }
    },
    {
      "type": "apx_banners-grid",
      "visibility": "d-block d-md-block",
      "grid": "1",
      "breakline": "false",
      "banners": [
        {
          "desktop": {
            "description_color": "#ffffff",
            "animate": "fadeIn",
            "img": "/img/uploads/organizacao.png",
            "content_order": "inside_image",
            "content_position": "bottom_left",
            "mask_color": "#000000",
            "btn_text": "VER PRODUTOS",
            "btn_text_color": "#ffffff",
            "mask_opacity": 5,
            "title": "Organização",
            "title_color": "#ffffff",
            "description": "Lorem ipsum dolor sit amet, consectetuer adipiscing elit. Donec odio. Quisque volutpat mattis eros. Nullam malesuada erat ut turpis. Suspendisse urna nibh viverra non semper suscipit posuere a pede."
          },
          "mobile": {
            "mask_opacity": 0,
            "title_color": "#493C35",
            "description_color": "#493C35",
            "btn_text_color": "#493C35",
            "img": "/img/uploads/rectangle-8-4-.png"
          }
        }
      ]
    },
    {
      "type": "collection-shelf",
      "shuffle": false,
      "limit": 12,
      "page": 1,
      "title": "O que outros clientes estão vendo?",
      "sort": "offers"
    }
  ]
}